<settings>
  <font>Tahoma</font>
  <hide_bullets_count>18</hide_bullets_count>
  <data_type>csv</data_type>
  <background>
    <alpha>90</alpha>
    <border_alpha>10</border_alpha>
  </background>
  <plot_area>
    <margins>
      <left>50</left>
      <right>40</right>
      <bottom>65</bottom>
    </margins>
  </plot_area>
  <grid>
    <x>
      <alpha>10</alpha>
      <approx_count>9</approx_count>
    </x>
    <y_left>
      <alpha>10</alpha>
    </y_left>
  </grid>
  <axes>
    <x>
      <width>1</width>
      <color>0D8ECF</color>
    </x>
    <y_left>
      <width>1</width>
      <color>0D8ECF</color>
    </y_left>
  </axes>
  <indicator>
    <color>0D8ECF</color>
    <x_balloon_text_color>FFFFFF</x_balloon_text_color>
    <line_alpha>50</line_alpha>
    <selection_color>0D8ECF</selection_color>
    <selection_alpha>20</selection_alpha>
  </indicator>
  <legend>
    <graph_on_off>0</graph_on_off>
  </legend>
  <zoom_out_button>
    <text_color_hover>FF0F00</text_color_hover>
  </zoom_out_button>
  <help>
    <button>
      <color>FFFFFF</color>
      <alpha>0</alpha>
      <text_color>000000</text_color>
      <text_color_hover>FF0F00</text_color_hover>
    </button>
    <balloon>
      <color>FFFFFF</color>
      <text_color>000000</text_color>
    </balloon>
  </help>
  <graphs>
    <graph gid="1">
      <title>Ocriplasmin intravitreal injection</title>
      <color>E58F36</color>
      <color_hover>FF0000</color_hover>
      <data_labels>{value}</data_labels>
    </graph>
    <graph gid="2">
      <title>Surgery</title>
      <color>2981AB</color>
      <color_hover>0000FF</color_hover>
      <data_labels>{value}</data_labels>
    </graph>
    <graph gid="3">
      <title>Watchful waiting / No treatment</title>
      <color>4EA748</color>
      <color_hover>339900</color_hover>
      <data_labels>{value}</data_labels>
    </graph>
  </graphs>
  <labels>
    <label lid="0">
      <text><![CDATA[<b>Temperature anomaly</b>]]></text>
      <y>25</y>
      <text_size>13</text_size>
      <align>center</align>
    </label>
  </labels>
</settings>