<settings>
  <background>
    <alpha>100</alpha>
    <border_alpha>20</border_alpha>
  </background>
  <grid>
    <category>
      <dashed>1</dashed>
    </category>
    <value>
      <dashed>1</dashed>
    </value>
  </grid>
  <axes>
    <category>
      <width>1</width>
      <color>E7E7E7</color>
    </category>
    <value>
      <width>1</width>
      <color>E7E7E7</color>
    </value>
  </axes>
  <values>
    <value>
      <min>0</min>
    </value>
  </values>
  <depth>15</depth>
  <column>
    <width>85</width>
    <balloon_text>{title}: {value} downloads</balloon_text>
    <data_labels>{value}</data_labels>
    <data_labels_text_color>FFFFFF</data_labels_text_color>
    <data_labels_text_size>22</data_labels_text_size>
    <data_labels_position>inside</data_labels_position>
    <grow_effect>regular</grow_effect>
  </column>
  <graphs>
    <graph gid="0">
      <title>Grouped by Watchful Waiting:</title>
      <color>E58F36</color>
    </graph>
    <graph gid="1">
      <title>Grouped by Surgery:</title>
      <color>2981AB</color>
    </graph>
    <graph gid="2">
      <title>Grouped by Ocriplasmin intravitreal injection:</title>
      <color>4EA748</color>
    </graph>
  </graphs>
  <labels>
    <label lid="0">
      <text><![CDATA[<b>Visit frequency: Average number of visit between initial visit and discharge</b>]]></text>
      <y>18</y>
      <text_color>2981AB</text_color>
      <text_size>13</text_size>
      <align>center</align>
    </label>
  </labels>
</settings>