<settings>
<data_type>csv</data_type>
  <decimals_separator>.</decimals_separator>
  <digits_after_decimal>0</digits_after_decimal>
  <precision>0</precision>
  <background>
    <alpha>100</alpha>
    <border_alpha>20</border_alpha>
  </background>
  <grid>
    <category>
      <dashed>1</dashed>
    </category>
    <value>
      <dashed>1</dashed>
    </value>
  </grid>
  <axes>
    <category>
      <width>1</width>
      <color>E7E7E7</color>
    </category>
    <value>
      <width>1</width>
      <color>E7E7E7</color>
    </value>
  </axes>
    <category>
      <text_size>14</text_size>
    </category>
  <values>
    <value>
      <min>0</min>
      <unit>%</unit>
    </value>
  </values>
  <depth>15</depth>
  <legend>
    <color>FF0000</color>
    <text_size>18</text_size>
  </legend>
  <column>
    <width>85</width>
    <balloon_text>{title}: {value} downloads</balloon_text>
    <data_labels>{value} %</data_labels>
    <data_labels_text_color>FFFFFF</data_labels_text_color>
    <data_labels_text_size>14</data_labels_text_size>
    <data_labels_position>above</data_labels_position>
  </column>
  <graphs>
    <graph gid="0">
      <title>Vitreomacular Adhesion</title>
      <color>E58F36</color>
    </graph>
    <graph gid="1">
      <title>Vitreomacular Traction</title>
      <color>2981AB</color>
    </graph>
    <graph gid="2">
      <title>Macular Hole With VMT</title>
      <color>C4D542</color>
    </graph>
    <graph gid="3">
      <title>Macular Hole Without VMT</title>
      <color>707070</color>
    </graph>
    <graph gid="4">
      <title>Wet AMD</title>
      <color>C18138</color>
    </graph>
    <graph gid="5">
      <title>Dry AMD</title>
      <color>2D8699</color>
    </graph>
    <graph gid="6">
      <title>DME</title>
      <color>4EA748</color>
    </graph>
    <graph gid="7">
      <title>Proliferative Diabetic Retinopathy</title>
      <color>595959</color>
    </graph>
    <graph gid="8">
      <title>Cataract</title>
      <color>8D5F29</color>
    </graph>
    <graph gid="9">
      <title>Retinal Vein Occlusion</title>
      <color>40B1C5</color>
    </graph>
    <graph gid="10">
      <title>Retinal Detachment</title>
      <color>9ECDA1</color>
    </graph>
    <graph gid="11">
      <title>High Myopia</title>
      <color>DDF4FF</color>
    </graph>
    <graph gid="12">
      <title>Other</title>
      <color>94AD97</color>
    </graph>
    <graph gid="13">
      <title>Not Relevant</title>
      <color>B877C0</color>
    </graph>
  </graphs>
    <labels>
    <label lid="0">
      <text>This is the slide title</text>
      <text_color>2981AB</text_color>
      <text_size>32</text_size>
      <align>center</align>
    </label>
    <label lid="1">
      <text>Frequency of ocular pathologies</text>
      <y>50%</y>
      <text_size>12</text_size>
      <rotate>1</rotate>
    </label>
  </labels>
</settings>