<settings>
  <font>Tahoma</font>
  <hide_bullets_count>18</hide_bullets_count>
  <data_type>csv</data_type>
  <decimals_separator>.</decimals_separator>
  <background>
    <alpha>90</alpha>
    <border_alpha>10</border_alpha>
  </background>
  <plot_area>
    <margins>
      <left>50</left>
      <right>40</right>
      <bottom>65</bottom>
    </margins>
  </plot_area>
  <grid>
    <x>
      <alpha>10</alpha>
      <approx_count>9</approx_count>
    </x>
    <y_left>
      <alpha>10</alpha>
    </y_left>
  </grid>
  <axes>
    <x>
      <width>1</width>
      <color>0D8ECF</color>
    </x>
    <y_left>
      <width>1</width>
      <color>0D8ECF</color>
    </y_left>
  </axes>
  <values>
    <y_left>
     <unit>%</unit>
    </y_left>
  </values>
  <indicator>
    <color>0D8ECF</color>
    <x_balloon_text_color>FFFFFF</x_balloon_text_color>
    <line_alpha>50</line_alpha>
    <selection_color>0D8ECF</selection_color>
    <selection_alpha>20</selection_alpha>
  </indicator>
  <legend>
    <graph_on_off>0</graph_on_off>
    <y>95%</y>
    <width>100%</width>
    <text_size>18</text_size>
  </legend>
  <zoom_out_button>
    <text_color_hover>FF0F00</text_color_hover>
  </zoom_out_button>
  <help>
    <button>
      <color>FFFFFF</color>
      <alpha>0</alpha>
      <text_color>000000</text_color>
      <text_color_hover>FF0F00</text_color_hover>
    </button>
    <balloon>
      <color>FFFFFF</color>
      <text_color>000000</text_color>
    </balloon>
  </help>
  <graphs>
    <graph gid="1">
      <title>Watchful waiting / No treatment</title>
      <color>E58F36</color>
      <color_hover>FF0000</color_hover>
      <data_labels>{value}</data_labels>
    </graph>
    <graph gid="2">
      <title>Ocriplasmin intravitreal injection</title>
      <color>2981AB</color>
      <color_hover>0000FF</color_hover>
      <data_labels>{value}</data_labels>
    </graph>
    <graph gid="3">
      <title>Surgery</title>
      <color>C4D542</color>
      <color_hover>339900</color_hover>
      <data_labels>{value}</data_labels>
    </graph>
    <graph gid="4">
      <title>VMT � Other</title>
      <color>40B1C5</color>
      <color_hover>339900</color_hover>
      <data_labels>{value}</data_labels>
    </graph>
    <graph gid="5">
      <title>Full thickness macular hole</title>
      <color>A0C744</color>
      <color_hover>339900</color_hover>
      <data_labels>{value}</data_labels>
    </graph>
    <graph gid="6">
      <title>Vitreous fully detached from macula</title>
      <color>CCCCCC</color>
      <color_hover>339900</color_hover>
      <data_labels>{value}</data_labels>
    </graph>
    <graph gid="7">
      <title>Subretinal fluid</title>
      <color>92B1B1</color>
      <color_hover>339900</color_hover>
      <data_labels>{value}</data_labels>
    </graph>
    <graph gid="8">
      <title>Lamellar hole</title>
      <color>993300</color>
      <color_hover>339900</color_hover>
      <data_labels>{value}</data_labels>
    </graph>
    <graph gid="9">
      <title>Pseudohole</title>
      <color>6633CC</color>
      <color_hover>339900</color_hover>
      <data_labels>{value}</data_labels>
    </graph>
    <graph gid="10">
      <title>Epiretinal membrane</title>
      <color>FFFF00</color>
      <color_hover>339900</color_hover>
      <data_labels>{value}</data_labels>
    </graph>
    <graph gid="11">
      <title>Intraretinal cysts at baseline & subsequent visits for Watchful waiting</title>
      <color>FF00FF</color>
      <color_hover>339900</color_hover>
      <data_labels>{value}</data_labels>
    </graph>
    <graph gid="12">
      <title>Intraretinal cysts at baseline & subsequent visits for surgery</title>
      <color>006666</color>
      <color_hover>339900</color_hover>
      <data_labels>{value}</data_labels>
    </graph>
    <graph gid="13">
      <title>Intraretinal cysts at baseline & subsequent visits for intravitreal injection</title>
      <color>4EA748</color>
      <color_hover>996699</color_hover>
      <data_labels>{value}</data_labels>
    </graph>
  </graphs>
  <labels>
    <label lid="0">
      <text><![CDATA[<b>Comorbidities: - Frequency</b>]]></text>
      <text_color>2981AB</text_color>
      <text_size>32</text_size>
      <align>center</align>
    </label>
    <label lid="1">
      <text>Proportion of eyes with TBC</text>
      <x>0%</x>
      <y>50%</y>
      <rotate>1</rotate>
    </label>
    <label lid="2">
      <text>Time since initial visit (Months)</text>
      <x>45%</x>
      <y>90%</y>
    </label>
  </labels>
</settings>